index,desc,Seri,RAM Kapasitesi,Dahili Hafıza,Batarya Kapasitesi,Ekran Boyutu,Ekran Çözünürlüğü,Ekran Yenileme Hızı,Ekran Teknolojisi,Ekran Parlaklık Değeri,Çıkış Yılı,Piksel Yoğunluğu,Ekran Gövde Oranı,Ekran Dayanıklılığı,NR - Display,NR - Performance,NR - Battery,NR - Camera,Arka Kamera Sayısı,Arka Kamera,İkinci Arka Kamera,Üçüncü Arka Kamera,Dördüncü Arka Kamera,Video Kayıt Çözünürlüğü,Video FPS Değeri,Ön Kamera,Ön Kamera Video Çözünürlüğü,Ön Kamera Video FPS Değeri,İşletim Sistemi,İşlemci (CPU),İşlemci Hızı,Çekirdek Sayısı,Grafik İşlemcisi (GPU),Chipset,Ağırlık,Boyut, Fiyat ,Fiyat_int,RAM_Kapasitesi_int,Hafiza_Kapasitesi_GB,Agirlik_int,image_url,marka
0,Samsung Galaxy S25 Ultra 512 GB,Samsung Galaxy,12 GB,512 GB,5000 mAh,6.9 inç,1440x3120 px,120 Hz,Dynamic AMOLED 2X,2600 nits,2025,498 PPI,92.5%,Corning Gorilla Armor 2,95,99,97,90,4 Kameralı,200 MP,50 MP,50 MP,12 MP,8K Ultra HD,30 fps,12 MP,4K Ultra HD,30 fps,Android,Oryon V2 Phoenix L,4.47 GHz,8,Adreno,Snapdragon 8 Elite,218 gr,162.8x77.6x8.2 mm," 73.399,00 TL ",73399,12.0,512,218.0,https://cdn.akakce.com/x/samsung/samsung-galaxy-s25-ultra-512-gb.jpg,Samsung
1,Samsung Galaxy S25 Ultra 256 GB,Samsung Galaxy,12 GB,256 GB,5000 mAh,6.90 inç,QHD+ 1440x3120 Piksel,120 Hz,Dynamic AMOLED,2600 nits,2025,498 PPI,92.5%,Corning Gorilla Armor 2,95,99,97,90,4 Kameralı,200 MP,50 MP,50 MP,12 MP,4320p Ultra HD 8K,30 fps,12 MP,4K Ultra HD,30 fps,Android,Oryon V2 Phoenix L,4.47 GHz,8,Adreno 830,Snapdragon 8 Elite,218 gram,162.8x77.6x8.2 mm," 71.624,05 TL ",71624,12.0,256,218.0,https://cdn.akakce.com/x/samsung/samsung-galaxy-s25-ultra.jpg,Samsung
2,Samsung Galaxy S25 256 GB,Samsung Galaxy,12 GB,256 GB,4000 mAh,6.2 inç,1080x2340 px,120 Hz,Dynamic AMOLED 2X,2600 nits,2025,416 PPI,91.1%,Corning Gorilla Glass Victus 2,90,96,74,83,3 Kameralı,50 MP,10 MP,12 MP,x,8K Ultra HD,30 fps,12 MP,4K Ultra HD,60 fps,Android,Oryon V2 Phoenix L,4.47 GHz,8,Adreno,Snapdragon 8 Elite,162 gr,146.9x70.5x7.2 mm," 46.639,00 TL ",46639,12.0,256,162.0,https://cdn.akakce.com/x/samsung/samsung-galaxy-s25-plus-256-gb.jpg,Samsung
3,Samsung Galaxy S24 Ultra 1 TB,Samsung Galaxy,12 GB,1 TB,5000 mAh,6.8 inç,1440x3088 px,120 Hz,Dynamic AMOLED,2600 nits,2024,500 PPI,89.1%,Corning Gorilla Armor,92,84,86,88,4 Kameralı,200 MP,50 MP,12 MP,10 MP,8K Ultra HD,30 fps,12 MP,4K Ultra HD,60 fps,Android,Cortex X4,3.39 GHz,8,Adreno 750,Snapdragon 8 Gen 3,233 gr,162.3 x 79.0 x 8.6 mm," 75.366,00 TL ",75366,12.0,1024,233.0,https://cdn.akakce.com/x/samsung/samsung-galaxy-s24-ultra-1-tb.jpg,Samsung
4,Samsung Galaxy S24 Ultra 512 GB,Samsung Galaxy,12 GB,512 GB,5000 mAh,6.8 inç,1440x3088 px,120 Hz,Dynamic AMOLED,2600 nits,2024,500 PPI,89.1%,Corning Gorilla Armor,92,84,86,88,4 Kameralı,200 MP,50 MP,12 MP,10 MP,4320p (Ultra HD) 8K,30 fps,12 MP,4K Ultra HD,60 fps,Android,Cortex X4,3.39 GHz,8,Adreno 750,Snapdragon 8 Gen 3,233 gr,162.3 x 79.0 x 8.6 mm," 63.764,03 TL ",63764,12.0,512,233.0,https://cdn.akakce.com/x/samsung/samsung-galaxy-s24-ultra.jpg,Samsung
5,Samsung Galaxy S24 FE 256 GB,Samsung Galaxy,8 GB,256 GB,4700 mAh,6.7 inç,1080x2340 px,120 Hz,Dynamic AMOLED 2X,1900 nits,2024,385 PPI,-,Corning Gorilla Glass Victus+,88,79,73,80,3 Kameralı,50 MP,12 MP,8 MP,x,8K Ultra HD,24 fps,10 MP,4K Ultra HD,30 fps,Android,Cortex X4,3.1 GHz,10,Samsung Xclipse 940,Exynos 2400e,213 gr,162x77.3x8 mm," 26.249,00 TL ",26249,8.0,256,213.0,https://cdn.akakce.com/x/samsung/samsung-galaxy-s24-fe.jpg,Samsung
6,Samsung Galaxy S24 FE 128 GB,Samsung Galaxy,8 GB,128 GB,4700 mAh,6.7 inç,1080x2340 px,120 Hz,Dynamic AMOLED 2X,1900 nits,2024,385 PPI,-,Corning Gorilla Glass Victus+,88,79,73,80,3 Kameralı,50 MP,12 MP,8 MP,x,8K Ultra HD,30 fps,10 MP,4K Ultra HD,30 fps,Android,Cortex X4,3.1 GHz,10,Samsung Xclipse 940,Exynos 2400e,213 gr,162x77.3x8 mm," 24.744,00 TL ",24744,8.0,128,213.0,https://cdn.akakce.com/x/samsung/samsung-galaxy-s24-fe-128-gb.jpg,Samsung
7,Samsung Galaxy S23 Ultra 512 GB 12 GB,Samsung Galaxy,12 GB,512 GB,5000 mAh,6.8 inç,1440x3088 px,120 Hz,Dynamic AMOLED,1750 nits,2023,500 PPI,89.4%,Corning Gorilla Glass Victus 2,89,75,85,85,4 Kameralı,200 MP,12 MP,10 MP,10 MP,8K Ultra HD,30 fps,12 MP,4K Ultra HD,60 fps,Android,Cortex X3,3.36 GHz,8,-,Snapdragon 8 Gen 2,233 gr,163.4x78.1x8.9 mm," 47.999,00 TL ",47999,12.0,512,233.0,https://cdn.akakce.com/x/samsung/samsung-galaxy-s23-ultra-512-gb.jpg,Samsung
8,Samsung Galaxy S23 Plus 256 GB,Samsung Galaxy,8 GB,256 GB,4700 mAh,6.6 inç,1080x2340 px,120 Hz,Dynamic AMOLED,1750 nits,2023,393 PPI,88.8%,Corning Gorilla Glass Victus 2,83,70,86,80,3 Kameralı,50 MP,12 MP,10 MP,-,8K Ultra HD,30 fps,12 MP,4K Ultra HD,60 fps,Android,Cortex X3,3.36 GHz,8,-,Snapdragon 8 Gen 2,196 gr,157.8x76.2x7.6 mm," 36.750,00 TL ",36750,8.0,256,196.0,https://cdn.akakce.com/x/samsung/samsung-galaxy-s23-plus.jpg,Samsung
9,Samsung Galaxy S23 FE 128 GB,Samsung Galaxy,8 GB,128 GB,4500 mAh,6.4 inç,1080x2340 px,120 Hz,Dynamic AMOLED,1450 nits,2023,403 PPI,82.98%,Corning Gorilla Glass 5,83,60,65,76,3 Kameralı,50 MP,12 MP,8 MP,x,8K Ultra HD,24 fps,10 MP,4K Ultra HD,60 fps,Android,Cortex X2,2.8 GHz,8,Samsung Xclipse 920,Exynos 2200,209 gr,158x76.5x8.2 mm," 22.473,00 TL ",22473,8.0,128,209.0,https://cdn.akakce.com/x/samsung/samsung-galaxy-s23-fe.jpg,Samsung
10,Samsung Galaxy S23 256 GB,Samsung Galaxy,8 GB,256 GB,3900 mAh,6.1 inç,1080x2340 px,120 Hz,Dynamic AMOLED,1750 nits,2023,425 PPI,87.9%,Corning Gorilla Glass Victus 2,85,69,68,80,3 Kameralı,50 MP,12 MP,10 MP,x,8K Ultra HD,30 fps,12 MP,4K Ultra HD,60 fps,Android,Cortex X3,3.36 GHz,8,-,Snapdragon 8 Gen 2,167 gr,146.3x70.9x7.6 mm," 36.531,00 TL ",36531,8.0,256,167.0,https://cdn.akakce.com/x/samsung/samsung-galaxy-s23-256-gb.jpg,Samsung
11,Samsung Galaxy Z Fold 6 512 GB,Samsung Galaxy,12 GB,512 GB,4400 mAh,6.30 inç,HD+ 968x2376 Piksel,120 Hz,Dynamic AMOLED,2600 nits,2024,407 PPI,85.35%,Corning Gorilla Glass Victus 2,87,84,64,80,3 Kameralı,50 MP,12 MP,10 MP,-,4320p Ultra HD 8K,30 fps,10 MP,4K Ultra HD,60 fps,Android,Cortex X4,3.39 GHz,8,-,Snapdragon 8 Gen 3,239 gr,153.5x132.6x5.6 mm," 71.249,00 TL ",71249,12.0,512,239.0,https://cdn.akakce.com/x/samsung/samsung-galaxy-z-fold-6-512-gb.jpg,Samsung
12,Samsung Galaxy Z Flip 6 256 GB,Samsung Galaxy,12 GB,256 GB,4000 mAh,6.7 inç,1080x2640 px,120 Hz,Dynamic AMOLED 2X,2600 nits,2024,-,-,Corning Gorilla Glass Victus 2,89,82,59,76,2 Kameralı,50 MP,12 MP,-,x,2160p (Ultra HD) 4K,60 fps,10 MP,4K Ultra HD,30 fps,Android,Cortex X4,3.39 GHz,8,-,Snapdragon 8 Gen 3,187 gr,165.1x71.9x6.9 mm," 44.599,00 TL ",44599,12.0,256,187.0,https://cdn.akakce.com/x/samsung/samsung-z-flip-6.jpg,Samsung
13,Samsung Galaxy Z Fold 5 256 GB,Samsung Galaxy,12 GB,256 GB,4400 mAh,6.2 inç,904x2316 px,120 Hz,Dynamic AMOLED,1750 nits,2023,402 PPI,80.58%,Corning Gorilla Glass Victus 2,83,75,72,77,3 Kameralı,50 MP,12 MP,10 MP,-,8K Ultra HD,24 fps,10 MP,4K Ultra HD,60 fps,Android,Cortex X3,-,8,Adreno 740,Snapdragon 8 Gen 2,253 gr,154.9x129.9x6.1mm," 52.390,80 TL ",52390,12.0,256,253.0,https://cdn.akakce.com/x/samsung/samsung-galaxy-z-fold-5-256-gb.jpg,Samsung
14,Samsung Galaxy Z Flip 5 256 GB,Samsung Galaxy,8 GB,256 GB,3700 mAh,6.7 inç,1080x2640 px,120 Hz,Dynamic AMOLED,1200 nits,2023,426 PPI,85.9%,Corning Gorilla Glass Victus 2,85,76,54,73,2 Kameralı,12 MP,12 MP,x,x,4K Ultra HD,60 fps,10 MP,4K Ultra HD,30 fps,Android,Cortex X3,3.2 GHz,8,Adreno 740,Snapdragon 8 Gen 2,187 gr,165.1x71.9x6.9 mm," 35.929,20 TL ",35929,8.0,256,187.0,https://cdn.akakce.com/x/samsung/samsung-galaxy-z-flip-5-256-gb.jpg,Samsung
15,Samsung Galaxy A56 256 GB,Samsung Galaxy,8 GB,256 GB,5000 mAh,6.7 inç,1080x2340 px,120 Hz,Super AMOLED,1900 nits,2025,385 PPI,87.69%,Corning Gorilla Glass Victus+,90,57,81,71,3 Kameralı,50 MP,12 MP,5 MP,x,4K Ultra HD,30 fps,12 MP,4K Ultra HD,30 fps,Android,Cortex A720,2.9 GHz,8,-,-,198 gr,-," 21.179,00 TL ",21179,8.0,256,198.0,https://cdn.akakce.com/x/samsung/samsung-galaxy-a56.jpg,Samsung
16,Samsung Galaxy A56 128 GB,Samsung Galaxy,8 GB,128 GB,5000 mAh,6.7 inç,1080x2340 px,120 Hz,Super AMOLED,1900 nits,2025,385 PPI,87.69%,Corning Gorilla Glass Victus+,90,57,81,71,3 Kameralı,50 MP,12 MP,5 MP,x,4K Ultra HD,30 fps,12 MP,4K Ultra HD,30 fps,Android,Cortex A720,2.9 GHz,8,-,-,198 gr,-," 19.691,00 TL ",19691,8.0,128,198.0,https://cdn.akakce.com/x/samsung/samsung-galaxy-a56-128-gb.jpg,Samsung
17,Samsung Galaxy A55 256 GB,Samsung Galaxy,8 GB,256 GB,5000 mAh,6.6 inç,1080x2340 px,120 Hz,Super AMOLED,1000 nits,2024,390 PPI,85.46%,Corning Gorilla Glass Victus+,85,51,84,63,3 Kameralı,50 MP,12 MP,5 MP,x,4K Ultra HD,30 fps,32 MP,4K Ultra HD,30 fps,Android,Cortex A78,2.75 GHz,8,Samsung Xclipse 530,Exynos 1480,213 gr,161.3x77x8.7 mm," 18.498,00 TL ",18498,8.0,256,213.0,https://cdn.akakce.com/x/samsung/samsung-galaxy-a55-256-gb.jpg,Samsung
18,Samsung Galaxy A55 128 GB,Samsung Galaxy,8 GB,128 GB,5000 mAh,6.6 inç,1080x2340 px,120 Hz,Super AMOLED,1000 nits,2024,390 PPI,85.46%,Corning Gorilla Glass Victus+,85,51,84,63,3 Kameralı,50 MP,12 MP,5 MP,x,4K Ultra HD,30 fps,32 MP,4K Ultra HD,30 fps,Android,Cortex A78,2.75 GHz,8,Samsung Xclipse 530,Exynos 1480,213 gr,161.3x77x8.7 mm," 16.186,50 TL ",16186,8.0,128,213.0,https://cdn.akakce.com/x/samsung/samsung-galaxy-a55.jpg,Samsung
19,Samsung Galaxy A54 256 GB,Samsung Galaxy,8 GB,256 GB,5000 mAh,6.4 inç,1080x2340 px,120 Hz,Super AMOLED,1000 nits,2023,403 PPI,82.54%,Corning Gorilla Glass 5,82,43,74,61,3 Kameralı,50 MP,12 MP,5 MP,x,4K Ultra HD,30 fps,32 MP,4K Ultra HD,30 fps,Android,Cortex A78,2.4 GHz,8,Mali-G68 MP5,Exynos 1380,202 gr,158.2x76.7x8.2 mm," 17.729,02 TL ",17729,8.0,256,202.0,https://cdn.akakce.com/x/samsung/samsung-galaxy-a54-256-gb.jpg,Samsung
20,Samsung Galaxy A54 128 GB,Samsung Galaxy,8 GB,128 GB,5000 mAh,6.4 inç,1080x2340 px,120 Hz,Super AMOLED,1000 nits,2023,403 PPI,82.54%,Corning Gorilla Glass 5,82,43,74,61,3 Kameralı,50 MP,12 MP,5 MP,-,4K Ultra HD,30 fps,32 MP,4K Ultra HD,30 fps,Android,Cortex A78,2.4 GHz,8,Mali-G68 MP5,Exynos 1380,202 gr,158.2x76.7x8.2 mm," 16.200,00 TL ",16200,8.0,128,202.0,https://cdn.akakce.com/x/samsung/samsung-galaxy-a54.jpg,Samsung
21,Samsung Galaxy A36 256 GB,Samsung Galaxy,8 GB,256 GB,5000 mAh,6.7 inç,1080x2340 px,120 Hz,Super AMOLED,1900 nits,2025,385 PPI,86.47%,Corning Gorilla Glass Victus+,90,44,81,69,3 Kameralı,50 MP,8 MP,2 MP,x,4K Ultra HD,30 fps,12 MP,4K Ultra HD,30 fps,Android,Cortex A78,2.4 GHz,8,Adreno 710,Snapdragon 6 Gen 3,195 gr,-," 17.239,00 TL ",17239,8.0,256,195.0,https://cdn.akakce.com/x/samsung/samsung-galaxy-a36.jpg,Samsung
22,Samsung Galaxy A36 128 GB,Samsung Galaxy,8 GB,128 GB,5000 mAh,6.7 inç,1080x2340 px,120 Hz,Super AMOLED,1900 nits,2025,385 PPI,86.47%,Corning Gorilla Glass Victus+,90,44,81,69,3 Kameralı,50 MP,8 MP,2 MP,x,4K Ultra HD,30 fps,12 MP,4K Ultra HD,30 fps,Android,Cortex A78,2.4 GHz,8,Adreno 710,Snapdragon 6 Gen 3,195 gr,-," 15.000,00 TL ",15000,8.0,128,195.0,https://cdn.akakce.com/x/samsung/samsung-galaxy-a36-128-gb.jpg,Samsung
23,Samsung Galaxy A35 256 GB,Samsung Galaxy,8 GB,256 GB,5000 mAh,6.6 inç,1080x2340 px,120 Hz,Super AMOLED,1000 nits,2024,390 PPI,84.47%,Corning Gorilla Glass Victus+,84,43,71,59,3 Kameralı,50 MP,8 MP,5 MP,x,4K Ultra HD,30 fps,13 MP,4K Ultra HD,30 fps,Android,Cortex A78,2.4 GHz,8,Mali-G68 MP5,Exynos 1380,209 gr,161.7x78.0x8.2 mm," 14.899,00 TL ",14899,8.0,256,209.0,https://cdn.akakce.com/x/samsung/samsung-galaxy-a35-256-gb.jpg,Samsung
24,Samsung Galaxy A35 128 GB,Samsung Galaxy,8 GB,128 GB,5000 mAh,6.6 inç,1080x2340 px,120 Hz,Super AMOLED,1000 nits,2024,390 PPI,84.47%,Corning Gorilla Glass Victus+,84,43,71,59,3 Kameralı,50 MP,8 MP,5 MP,x,4K Ultra HD,30 fps,13 MP,4K Ultra HD,30 fps,Android,Cortex A78,2.4 GHz,8,Mali-G68 MP5,Exynos 1380,209 gr,161.7x78.0x8.2 mm," 14.156,01 TL ",14156,8.0,128,209.0,https://cdn.akakce.com/x/samsung/samsung-galaxy-a35.jpg,Samsung
25,Samsung Galaxy A34 256 GB,Samsung Galaxy,8 GB,256 GB,5000 mAh,6.69 inç,1080x2340 px,120 Hz,Super AMOLED,1000 nits,2023,390 PPI,84.16%,Corning Gorilla Glass 5,78,40,80,49,3 Kameralı,48 MP,8 MP,5 MP,-,4K Ultra HD,30 fps,13 MP,2K Ultra HD,30 fps,Android,Cortex A78,2.6 GHz,8,Mali-G68 MC4,MediaTek Dimensity 1080,199 gr,161.3x78.1x8.2 mm," 17.550,00 TL ",17550,8.0,256,199.0,https://cdn.akakce.com/x/samsung/samsung-galaxy-a34-256-gb.jpg,Samsung
26,Samsung Galaxy A26 256 GB 8 GB,Samsung Galaxy,8 GB,256 GB,5000 mAh,6.7 inç,1080x2340 px,120 Hz,Super AMOLED,-,2025,385 PPI,86.7%,Corning Gorilla Glass Victus+,81,41,60,55,3 Kameralı,50 MP,8 MP,2 MP,x,4K Ultra HD,30 fps,13 MP,Full HD,60 fps,Android,Cortex A78,2.4 GHz,8,Mali-G68 MP5,Exynos 1380,200 gr,164x77.5x7.7 mm," 14.689,00 TL ",14689,8.0,256,200.0,https://cdn.akakce.com/x/samsung/samsung-galaxy-a26.jpg,Samsung
27,Samsung Galaxy A25 128 GB 6 GB Siyah,Samsung Galaxy,6 GB,128 GB,5000 mAh,6.5 inç,1080x2340 px,120 Hz,Super AMOLED,1000 nits,2023,396 PPI,83.71%,-,82,36,61,53,3 Kameralı,50 MP,8 MP,2 MP,x,4K Ultra HD,30 fps,13 MP,Full HD,30 fps,Android,Cortex A78,2.4 GHz,8,Mali-G68,Exynos 1280,197 gr,161x76.5x8.3 mm," 11.399,00 TL ",11399,6.0,128,197.0,https://cdn.akakce.com/x/samsung/samsung-galaxy-a25-128-gb-siyah.jpg,Samsung
28,Samsung Galaxy A24 128 GB,Samsung Galaxy,6 GB,128 GB,5000 mAh,6.5 inç,1080x2340 px,90 Hz,Super AMOLED,1000 nits,2023,396 PPI,81.97%,-,70,32,83,35,3 Kameralı,50 MP,5 MP,2 MP,x,Full HD,30 fps,13 MP,Full HD,30 fps,Android,Cortex A76,2.2 GHz,8,Mali-G57 MC2,MediaTek Helio G99,195 gr,162.1x77.6x8.3 mm," 11.327,04 TL ",11327,6.0,128,195.0,https://cdn.akakce.com/x/samsung/samsung-galaxy-a24.jpg,Samsung
29,Samsung Galaxy A15 128 GB 4 GB,Samsung Galaxy,4 GB,128 GB,5000 mAh,6.5 inç,1080x2340 px,90 Hz,Super AMOLED,800 nits,2023,396 PPI,83.86%,x,71,30,72,32,3 Kameralı,50 MP,5 MP,2 MP,x,Full HD,30 fps,13 MP,Full HD,30 fps,Android,Cortex A76,2.2 GHz,8,Mali-G57 MC2,MediaTek Helio G99,200 gr,160.1x76.8x8.4 mm," 8.336,20 TL ",8336,4.0,128,200.0,https://cdn.akakce.com/x/samsung/samsung-galaxy-a15.jpg,Samsung
30,Samsung Galaxy A14 128 GB,Samsung Galaxy,4 GB,128 GB,5000 mAh,6.6 inç,1080x2408 px,60 Hz,PLS,-,2023,400 PPI,79.76%,x,54,18,61,33,3 Kameralı,50 MP,5 MP,2 MP,-,Full HD,30 fps,13 MP,Full HD,30 fps,Android,Cortex A75,2.0 GHz,8,Mali-G52 MC2,MediaTek Helio G80,201 gr,167.7x78.0x9.1 mm," 9.385,20 TL ",9385,4.0,128,201.0,https://cdn.akakce.com/x/samsung/samsung-galaxy-a14.jpg,Samsung
31,Samsung Galaxy A06 128 GB,Samsung Galaxy,4 GB,128 GB,5000 mAh,6.7 inç,720x1600 px,60 Hz,IPS LCD,-,2024,262 PPI,83.1%,x,49,21,73,38,2 Kameralı,50 MP,2 MP,-,x,Full HD,60 fps,8 MP,-,-,Android,Cortex A75,2.0 GHz,8,Mali-G52 MC2,MediaTek Helio G85,189 gr,167.3x77.3x8 mm," 6.326,60 TL ",6326,4.0,128,189.0,https://cdn.akakce.com/x/samsung/samsung-galaxy-a06.jpg,Samsung
32,Samsung Galaxy A05 128 GB,Samsung Galaxy,4 GB,128 GB,5000 mAh,6.7 inç,720x1600 px,60 Hz,PLS,x,2023,262 PPI,81.42%,x,47,21,67,33,2 Kameralı,50 MP,2 MP,-,x,Full HD,60 fps,8 MP,Full HD,30 fps,Android,Cortex A75,2.0 GHz,8,Mali-G57 MC2,MediaTek Helio G85,195 gr,168.8x78.2x8.8 mm," 7.362,50 TL ",7362,4.0,128,195.0,https://cdn.akakce.com/x/samsung/samsung-galaxy-a05.jpg,Samsung
33,Samsung Galaxy A05s 128 GB,Samsung Galaxy,4 GB,128 GB,5000 mAh,6.7 inç,1080x2400 px,90 Hz,PLS,-,2023,393 PPI,-,x,63,22,71,45,3 Kameralı,50 MP,2 MP,2 MP,x,Full HD,60 fps,13 MP,Full HD,30 fps,Android,Cortex A73,2.4 GHz,8,Adreno 610,Snapdragon 680,194 gr,168x77.8x8.8 mm," 8.000,00 TL ",8000,4.0,128,194.0,https://cdn.akakce.com/x/samsung/samsung-galaxy-a05s.jpg,Samsung
34,Samsung Galaxy M34 128 GB,Samsung Galaxy,6 GB,128 GB,6000 mAh,6.5 inç,1080x2340 px,120 Hz,Super AMOLED,1000 nits,2023,396 PPI,82.6%,Corning Gorilla Glass 5,78,36,85,40,3 Kameralı,50 MP,8 MP,2 MP,x,4K Ultra HD,30 fps,13 MP,Full HD,30 fps,Android,Cortex A78,2.4 GHz,8,Mali-G68,Exynos 1280,208 gr,-," 14.099,00 TL ",14099,6.0,128,208.0,https://cdn.akakce.com/x/samsung/samsung-galaxy-m34.jpg,Samsung
35,Samsung Galaxy M15 128 GB,Samsung Galaxy,4 GB,128 GB,6000 mAh,6.5 inç,1080x2340 px,90 Hz,Super AMOLED,800 nits,2024,396 PPI,-,-,72,31,80,35,3 Kameralı,50 MP,5 MP,2 MP,x,Full HD,30 fps,13 MP,Full HD,30 fps,Android,Cortex A76,2.2 GHz,8,Mali-G57 MC2,Mediatek Dimensity 6100+,217 gr,160.1x76.8x9.3 mm," 10.989,00 TL ",10989,4.0,128,217.0,https://cdn.akakce.com/x/samsung/samsung-galaxy-m15.jpg,Samsung
36,Samsung Galaxy M12 64 GB,Samsung Galaxy,4 GB,64 GB,5000 mAh,6.5 inç,720x1600 px,90 Hz,PLS,x,2021,270 PPI,81.23%,x,47,20,67,31,4 Kameralı,48 MP,5 MP,2 MP,2 MP,Full HD,30 fps,8 MP,Full HD,30 fps,Android,Cortex A55,2.0 GHz,8,Mali-G52 MP1,Exynos 850,214 gr,164x75.9x9.7 mm," 7.772,65 TL ",7772,4.0,64,214.0,https://cdn.akakce.com/x/samsung/samsung-galaxy-m12-64-gb.jpg,Samsung
37,iPhone 16 Pro Max 1 TB,iPhone 16 Pro Max,8 GB,1 TB,-,6.9 inç,2868x1320 px,120 Hz,OLED,2000 nits,2024,460 PPI,-,Corning Ceramic Shield Glass,92,92,95,97,3 Kameralı,48 MP,48 MP,12 MP,-,4K Ultra HD,60 fps,12 MP,4K Ultra HD,60 fps,iOS,-,-,6,6xApple GPU,A18 Pro,227 gr,-," 119.000,00 TL ",119000,8.0,1024,227.0,https://cdn.akakce.com/x/apple/iphone-16-pro-max-1-tb.jpg,Apple
38,iPhone 16 Pro Max 512 GB,iPhone 16 Pro Max,8 GB,512 GB,-,6.9 inç,2868x1320 px,120 Hz,OLED,2000 nits,2024,460 PPI,-,Corning Ceramic Shield Glass,92,92,95,97,3 Kameralı,48 MP,48 MP,12 MP,-,4K Ultra HD,60 fps,12 MP,4K Ultra HD,60 fps,iOS,-,-,6,6xApple GPU,A18 Pro,227 gr,163x77.6x8.25 mm," 95.999,93 TL ",95999,8.0,512,227.0,https://cdn.akakce.com/x/apple/apple-iphone-16-pro-max-512-gb.jpg,Apple
39,iPhone 16 Pro Max 256 GB,iPhone 16 Pro Max,8 GB,256 GB,-,6.9 inç,FHD+ 1320x2868 piksel,120 Hz,OLED,2000 nits,2024,460 PPI,-,Corning Ceramic Shield Glass,92,92,95,97,3 Kameralı,48 MP,48 MP,12 MP,-,2160p 4K Ultra HD,60 fps,12 MP,4K Ultra HD,60 fps,iOS,-,-,6,6xApple GPU,A18 Pro,227 gr,163x77.6x8.25 mm," 88.599,00 TL ",88599,8.0,256,227.0,https://cdn.akakce.com/x/apple/iphone-16-pro-max.jpg,Apple
40,iPhone 16 Pro 128 GB,iPhone 16 Pro,8 GB,128 GB,-,6.3 inç,FHD+ 1206x2622 piksel,120 Hz,OLED,2000 nits,2024,460 PPI,-,Corning Ceramic Shield Glass,92,93,84,97,3 Kameralı,48 MP,48 MP,12 MP,x,2160p (Ultra HD) 4K,60 fps,12 MP,4K Ultra HD,60 fps,iOS,x,-,6,6xApple GPU,A18 Pro,199 gram,149.6x71.5x8.25mm," 75.999,00 TL ",75999,8.0,128,199.0,https://cdn.akakce.com/x/apple/iphone-16-pro-128-gb.jpg,Apple
41,iPhone 16 Plus 512 GB,iPhone 16 Plus,8 GB,512 GB,-,6.7 inç,1290x2796 px,60 Hz,OLED,2000 nits,2024,460 PPI,x,-,77,90,95,89,2 Kameralı,48 MP,12 MP,-,x,Full HD,60 fps,12 MP,Full HD,-,iOS,x,x,-,5xApple GPU,A18,199 gr,-," 82.699,00 TL ",82699,8.0,512,199.0,https://cdn.akakce.com/x/apple/iphone-16-plus-512-gb.jpg,Apple
42,iPhone 16 Plus 256 GB,iPhone 16 Plus,8 GB,256 GB,-,6.7 inç,1290x2796 px,60 Hz,OLED,2000 nits,2024,460 PPI,-,-,77,90,95,89,2 Kameralı,48 MP,12 MP,-,x,Full HD,60 fps,12 MP,Full HD,-,iOS,x,-,-,5xApple GPU,A18,199 gr,-," 74.349,00 TL ",74349,8.0,256,199.0,https://cdn.akakce.com/x/apple/apple-iphone-16-plus-256-gb.jpg,Apple
43,iPhone 16 Plus 128 GB,iPhone 16 Plus,8 GB,128 GB,-,6.7 inç,FHD+ 1290 x 2796 piksel,60 Hz,OLED,2000 nits,2024,460 PPI,-,Corning Ceramic Shield Glass,77,90,95,89,2 Kameralı,48 MP,12 MP,-,x,2160p (Ultra HD) 4K,60 fps,12 MP,Full HD,30 fps,iOS,x,-,6,5xApple GPU,A18,199 gr,160.9x77.8x7.80 mm," 69.799,00 TL ",69799,8.0,128,199.0,https://cdn.akakce.com/x/apple/iphone-16-plus.jpg,Apple
44,iPhone 16e 256 GB,-,8 GB,256 GB,x,6.1 inç,1170x2532 px,60 Hz,OLED,1200 nits,2025,460 PPI,x,Corning Ceramic Shield Glass,71,88,73,74,1 Kameralı,48 MP,-,-,x,4K Ultra HD,60 fps,12 MP,4K Ultra HD,60 fps,iOS,x,4.04 GHz,6,4xApple GPU,A18,167 gr,146.7x71.5x7.8 mm," 50.099,00 TL ",50099,8.0,256,167.0,https://cdn.akakce.com/x/apple/iphone-16e-256-gb.jpg,Apple
45,iPhone 16e 128 GB,-,8 GB,128 GB,-,6.1 inç,1170 x 2532 px,60 Hz,OLED,1200 nits,2025,460 PPI,-,Corning Ceramic Shield Glass,71,88,73,74,1 Kameralı,48 MP,-,x,x,4K Ultra HD,60 fps,12 MP,4K Ultra HD,60 fps,iOS,x,4.04 GHz,6,4xApple GPU,A18,167 gr,146.7x71.5x7.8 mm," 42.929,00 TL ",42929,8.0,128,167.0,https://cdn.akakce.com/x/apple/iphone-16e.jpg,Apple
46,iPhone 15 Pro Max 1 TB,iPhone 15 Pro Max,-,1 TB,-,6.7 inç,2796x1290 px,120 Hz,OLED,2000 nits,2023,460 PPI,89.1%,-,89,88,93,95,3 Kameralı,48 MP,12 MP,12 MP,-,4K Ultra HD,60 fps,12 MP,4K Ultra HD,60 fps,iOS,-,-,6,6xApple GPU,A17 Bionic,221 gr,159.9x76.7x8.25 mm," 99.949,00 TL ",99949,,1024,221.0,https://cdn.akakce.com/x/apple/iphone-15-pro-max-1-tb.jpg,Apple
47,iPhone 15 Pro Max 512 GB,iPhone 15 Pro Max,8 GB,512 GB,4422 mAh,6.7 inç,2796x1290 px,120 Hz,OLED,2000 nits,2023,460 PPI,89.1%,Corning Ceramic Shield Glass,89,88,93,95,3 Kameralı,48 MP,12 MP,12 MP,-,4K Ultra HD,60 fps,12 MP,-,60 fps,iOS,-,3.64 GHz,6,6xApple GPU,A17 Pro,221 gr,159.9x76.7x8.25 mm," 93.899,00 TL ",93899,8.0,512,221.0,https://cdn.akakce.com/x/apple/iphone-15-pro-max-512-gb.jpg,Apple
48,iPhone 15 Pro Max 256 GB,iPhone 15 Pro Max,8 GB,256 GB,4422 mAh,6.7 inç,2796x1290 px,120 Hz,OLED,2000 nits,2023,460 PPI,89.1%,Corning Ceramic Shield Glass,89,88,93,95,3 Kameralı,48 MP,12 MP,12 MP,-,2160p (Ultra HD) 4K,60 fps,12 MP,4K Ultra HD,60 fps,iOS,-,3.64 GHz,6,6xApple GPU,A17 Pro,221 gr,159.9x76.7x8.25 mm," 92.000,00 TL ",92000,8.0,256,221.0,https://cdn.akakce.com/x/apple/iphone-15-pro-max.jpg,Apple
49,iPhone 15 Pro 128 GB,iPhone 15 Pro,8 GB,128 GB,3274 mAh,6.1 inç,1179x2556 px,120 Hz,OLED,2000 nits,2023,460 PPI,87.35%,Corning Ceramic Shield Glass,89,88,72,94,3 Kameralı,48 MP,12 MP,12 MP,x,2160p (Ultra HD) 4K,60 fps,12 MP,4K Ultra HD,60 fps,iOS,x,3.64 GHz,6,6xApple GPU,A17 Pro,187 gr,146.6x70.6x8.25 mm," 85.439,04 TL ",85439,8.0,128,187.0,https://cdn.akakce.com/x/apple/iphone-15-pro.jpg,Apple
50,iPhone 15 Plus 512 GB,iPhone 15 Plus,6 GB,512 GB,4383 mAh,6.7 inç,2796x1290 px,60 Hz,OLED,2000 nits,2023,460 PPI,86.73%,Corning Ceramic Shield Glass,74,80,89,88,2 Kameralı,48 MP,12 MP,-,-,4K Ultra HD,60 fps,12 MP,4K Ultra HD,60 fps,iOS,-,3.46 GHz,6,5xApple GPU,A16 Bionic,201 gr,160.9x77.8x7.80 mm," 70.499,06 TL ",70499,6.0,512,201.0,https://cdn.akakce.com/x/apple/iphone-15-plus-512-gb.jpg,Apple
51,iPhone 15 Plus 256 GB,iPhone 15 Plus,6 GB,256 GB,4383 mAh,6.7 inç,2796x1290 px,60 Hz,OLED,2000 nits,2023,460 PPI,86.73%,Corning Ceramic Shield Glass,74,80,89,88,2 Kameralı,48 MP,12 MP,-,x,4K Ultra HD,60 fps,12 MP,4K Ultra HD,60 fps,iOS,x,3.46 GHz,6,5xApple GPU,A16 Bionic,201 gr,160.9x77.8x7.80 mm," 63.999,00 TL ",63999,6.0,256,201.0,https://cdn.akakce.com/x/apple/iphone-15-plus-256-gb.jpg,Apple
52,iPhone 15 Plus 128 GB,iPhone 15 Plus,6 GB,128 GB,4383 mAh,6.7 inç,2796x1290 px,60 Hz,OLED,2000 nits,2023,460 PPI,86.73%,Corning Ceramic Shield Glass,74,80,89,88,2 Kameralı,48 MP,12 MP,-,x,4K Ultra HD,60 fps,12 MP,4K Ultra HD,60 fps,iOS,x,3.46 GHz,6,5xApple GPU,A16 Bionic,201 Gram,160.9x77.8x7.80 mm," 58.839,00 TL ",58839,6.0,128,201.0,https://cdn.akakce.com/x/apple/apple-iphone-15-plus.jpg,Apple
53,iPhone 15 128 GB,iPhone 15,6 GB,128 GB,3349 mAh,6.1 inç,2556x1179 px,60 Hz,OLED,2000 nits,2023,460 PPI,85.55%,Corning Ceramic Shield Glass,73,81,74,88,2 Kameralı,48 MP,12 MP,x,x,2160p (Ultra HD) 4K,60 fps,12 MP,4K Ultra HD,60 fps,iOS,x,3.46 GHz,6,5xApple GPU,A16 Bionic,171 gr,147.6x71.6x7.8 mm," 51.149,00 TL ",51149,6.0,128,171.0,https://cdn.akakce.com/x/apple/iphone-15.jpg,Apple
54,Xiaomi 15 512 GB,Xiaomi 15,12 GB,512 GB,5240 mAh,6.36 inç,1200 x 2670 px,120 Hz,AMOLED,3200 nits,2025,460 PPI,90%,-,93,96,100,90,3 Kameralı,50 MP,50 MP,50 MP,x,8K Ultra HD,60 fps,32 MP,4K Ultra HD,30 fps,Android,Oryon V2 Phoenix L,4.32 GHz,8,Adreno,Snapdragon 8 Elite,191 gr,152.3x71.2x8.1 mm," 49.766,87 TL ",49766,12.0,512,191.0,https://cdn.akakce.com/x/xiaomi/xiaomi-15.jpg,Xiaomi
55,Xiaomi 15 256 GB,Xiaomi 15,12 GB,256 GB,5240 mAh,6.36 inç,1200x2670 px,120 Hz,AMOLED,3200 nits,2025,460 PPI,90%,x,93,96,100,90,3 Kameralı,50 MP,50 MP,50 MP,-,8K Ultra HD,60 fps,32 MP,4K Ultra HD,30 fps,Android,Oryon V2 Phoenix L,4.32 GHz,8,Adreno,Snapdragon 8 Elite,191 gr,152.3x71.2x8.1 mm," 49.249,00 TL ",49249,12.0,256,191.0,https://cdn.akakce.com/x/xiaomi/xiaomi-15-256-gb.jpg,Xiaomi
56,Xiaomi 15 UItra 512 GB,-,16 GB,512 GB,5410 mAh,6.73 inç,1440 x 3200 px,120 Hz,AMOLED,3200 nits,2025,522 PPI,89.7%,-,97,97,97,95,4 Kameralı,200 MP,50 MP,50 MP,50 MP,8K Ultra HD,30 fps,32 MP,4K Ultra HD,60 fps,Android,Oryon V2 Phoenix L,4.32 GHz,8,Adreno,Snapdragon 8 Elite,226 gr,-," 78.998,88 TL ",78998,16.0,512,226.0,https://cdn.akakce.com/x/xiaomi/xiaomi-15-uitra.jpg,Xiaomi
57,Xiaomi 14T Pro 512 GB,Xiaomi 14T Pro,12 GB,512 GB,5.000 mAh,6.67 inç,FHD+ 1220x2712 Piksel,144 Hz,AMOLED,4000 nits,2024,446 PPI,89.1%,-,92,85,78,83,3 Kameralı,50 MP,50 MP,12 MP,x,4320p Ultra HD 8K,30 fps,32 MP,Full HD,30 fps,Android,Cortex X4,3.4 GHz,8,Immortalis-G720 MC12,Mediatek Dimensity 9300+,209 gr,160.4x75.1x8.39 mm," 30.540,00 TL ",30540,12.0,512,209.0,https://cdn.akakce.com/x/xiaomi/xiaomi-14t-pro.jpg,Xiaomi
58,Xiaomi 14 Ultra 512 GB,-,16 GB,512 GB,5000 mAh,6.73 inç,1440x3200  px,120 Hz,AMOLED,3000 nits,2024,522 PPI,%89.77,Xiaomi Longjing Glass,94,85,76,92,4 Kameralı,50 MP,50 MP,50 MP,50 MP,4320p Ultra HD 8K,30 fps,32 MP,2160p Ultra HD 4K,60 fps,Android,Cortex X4,3.3 GHz,8,-,Snapdragon 8 Gen 3,225 gr,161.4x75.3x9.2 mm," 73.422,78 TL ",73422,16.0,512,225.0,https://cdn.akakce.com/x/xiaomi/xiaomi-14-ultra.jpg,Xiaomi
59,Xiaomi 13 Ultra 256 GB 12 GB,-,12 GB,256 GB,5000 mAh,6.73 inç,1440x3200  px,120 Hz,OLED,2600 nits,2023,522 PPI,-,Corning Gorilla Glass Victus,91,76,80,84,4 Kameralı,50 MP,50 MP,50 MP,50 MP,4320p (Ultra HD) 8K,24 fps,32 MP,Full HD,30 fps,Android,Cortex X3,3.2 GHz,8,-,Snapdragon 8 Gen 2,227 gr,163.18x74.64x9.06 mm," 44.857,19 TL ",44857,12.0,256,227.0,https://cdn.akakce.com/x/xiaomi/xiaomi-13-ultra-256-gb-siyah.jpg,Xiaomi
60,Xiaomi 13T Pro 512 GB,-,12 GB,512 GB,5000 mAh,6.67 inç,1220x2712 px,144 Hz,AMOLED,2600 nits,2023,446 PPI,87.25%,Corning Gorilla Glass 5,87,73,75,78,3 Kameralı,50 MP,50 MP,12 MP,x,8K Ultra HD,24 fps,20 MP,Full HD,30 fps,Android,Cortex X3,3.35 GHz,8,Arm Immortalis-G715,MediaTek Dimensity 9200+,206 gr,162.2x75.7x8.62 mm," 24.885,00 TL ",24885,12.0,512,206.0,https://cdn.akakce.com/x/xiaomi/xiaomi-redmi-note-13-pro-plus.jpg,Xiaomi
61,Xiaomi 13 Lite 256 GB,-,8 GB,256 GB,4500 mAh,6.55 inç,1080x2400 px,120 Hz,AMOLED,1000 nits,2023,402 PPI,88.72%,Corning Gorilla Glass 5,81,41,68,54,3 Kameralı,50 MP,8 MP,2 MP,-,4K Ultra HD,30 fps,32 MP,Full HD,60 fps,Android,Cortex A710,2.4 GHz,8,Adreno 644,Snapdragon 7 Gen 1,171 gr,159.2x72.7x7.23 mm," 20.199,00 TL ",20199,8.0,256,171.0,https://cdn.akakce.com/x/xiaomi/xiaomi-13-lite.jpg,Xiaomi
62,Xiaomi MIX Flip 512 GB,Xiaomi MIX Flip,12 GB,512 GB,4.780 mAh,6.86 inç,2912x1224 px,120 Hz,AMOLED,3000 nits,2024,460 PPI,-,-,88,81,79,86,2 Kameralı,50 MP,50 MP,-,-,4320p Ultra HD 8K,24 fps,32 MP,4K Ultra HD,60 fps,Android,Cortex X4,3.3 GHz,8,-,Snapdragon 8 Gen 3,192 gr,167.5x74.02x7.6 mm," 47.450,32 TL ",47450,12.0,512,192.0,https://cdn.akakce.com/x/xiaomi/xiaomi-mi-mix-flip.jpg,Xiaomi
63,Xiaomi Redmi Note 14 Pro Plus 512 GB,Xiaomi Redmi,8 GB,512 GB,6200 mAh,6.67 inç,1220 x 2712 px,120 Hz,AMOLED,3000 nits,2024,446 PPI,88.49%,Corning Gorilla Glass Victus 2,92,49,79,80,3 Kameralı,200 MP,8 MP,2 MP,x,4K Ultra HD,60 fps,20 MP,Full HD,30 fps,Android,Cortex A720,2.5 GHz,8,Adreno 710,Snapdragon 7s Gen 3,210 gr,162.5x74.8x8.6 mm," 23.930,40 TL ",23930,8.0,512,210.0,https://cdn.akakce.com/x/xiaomi/xiaomi-redmi-note-14-pro-plus.jpg,Xiaomi
64,Xiaomi Redmi Note 14 256 GB,Xiaomi Redmi,8 GB,256 GB,5500 mAh,6.67 inç,1080 x 2400 px,120 Hz,AMOLED,1800 nits,2025,395 PPI,85.9%,Corning Gorilla Glass 5,88,39,70,63,3 Kameralı,108 MP,2 MP,2 MP,x,Full HD,30 fps,20 MP,Full HD,60 fps,Android,Cortex A76,2.2 GHz,8,Mali-G57 MC2,MediaTek Helio G99-Ultra,196.5 gram,163.25x76.55x8.16 mm," 11.674,99 TL ",11674,8.0,256,196.0,https://cdn.akakce.com/x/xiaomi/xiaomi-redmi-note-14.jpg,Xiaomi
65,Xiaomi Redmi Note 13 Pro Plus 5G 512 GB,Xiaomi Redmi,12 GB,512 GB,5000 mAh,6.67 inç,FHD+ 1220x2712 piksel,120 Hz,AMOLED,1800 nits,2023,446 PPI,%89.46,Corning Gorilla Glass Victus,88,50,69,66,3 Kameralı,200 MP,8 MP,2 MP,x,2160p Ultra HD 4K,30 fps,16 MP,Full HD,60 fps,Android,Cortex A715,2.8 GHz,8,Mali-G610 MC4,MediaTek Dimensity 7200 Ultra,204 gr,161.4x74.2x8.9 mm," 16.000,00 TL ",16000,12.0,512,204.0,https://cdn.akakce.com/x/xiaomi/xiaomi-redmi-note-13-pro-plus.jpg,Xiaomi
66,Xiaomi Redmi Note 13 Pro 256 GB 8 GB,Xiaomi Redmi,8 GB,256 GB,5000 mAh,6.67 inç,FHD+ 1080x2400 piksel,120 Hz,AMOLED,1300 nits,2024,395 PPI,"88,71%",Corning Gorilla Glass 5,88,46,72,64,3 Kameralı,200 MP,8 MP,2 MP,x,1080p Full HD,60 fps,16 MP,Full HD,60 fps,Android,Cortex A76,2.2 GHz,8,Mali-G57 MC2,MediaTek Helio G99,188 gr,161.1x74.95x7.98 mm," 10.600,00 TL ",10600,8.0,256,188.0,https://cdn.akakce.com/x/xiaomi/xiaomi-redmi-note-13-pro.jpg,Xiaomi
67,Xiaomi Redmi 13C 256 GB 8 GB,Xiaomi Redmi,8 GB,256 GB,5000 mAh,6.74 inç,720x1600 px,90 Hz,IPS LCD,600 nits,2023,260 PPI,83.01%,Corning Gorilla Glass,56,22,76,34,3 Kameralı,50 MP,2 MP,-,x,Full HD,30 fps,8 MP,Full HD,30 fps,Android,Cortex A75,2.0 GHz,8,Mali-G52 MC2,MediaTek Helio G85,192 gr,168x78x8.09 mm," 8.125,00 TL ",8125,8.0,256,192.0,https://cdn.akakce.com/x/xiaomi/xiaomi-redmi-13c-256-gb-beyaz.jpg,Xiaomi
68,Xiaomi Redmi 14C 256 GB 8 GB,Xiaomi Redmi,8 GB,256 GB,5160 mAh,6.88 inç,720x1640 px,120 Hz,-,600 nits,-,260 PPI,-,-,64,22,78,42,1 Kameralı,50 MP,-,-,x,Full HD,30 fps,13 MP,Full HD,30 fps,Android,Cortex A75,2.0 GHz,-,Mali-G52 MC2,-,207 gr,-," 7.799,00 TL ",7799,8.0,256,207.0,https://cdn.akakce.com/x/xiaomi/xiaomi-redmi-14c-256-gb-8-gb.jpg,Xiaomi
69,Xiaomi Redmi Note 12 Pro 5G 256 GB,Xiaomi Redmi,8 GB,256 GB,5000 mAh,6.67 inç,1080 x 2400 px,120 Hz,AMOLED,900 nits,2022,395 PPI,-,Corning Gorilla Glass 5,81,34,62,52,3 Kameralı,50 MP,8 MP,2 MP,-,4K Ultra HD,30 fps,16 MP,Full HD,60 fps,Android,Cortex A78,2.6 GHz,8,Mali-G68,MediaTek Dimensity 1080,187 gram,162.9x74.6x8.38 mm," 10.949,00 TL ",10949,8.0,256,187.0,https://cdn.akakce.com/x/xiaomi/xiaomi-redmi-note-12-pro-5g-256-gb.jpg,Xiaomi
70,Xiaomi Redmi Note 12R 128 GB,Xiaomi Redmi,8 GB,128 GB,5000 mAh,6.79 inç,1080x2640 px,90 Hz,IPS LCD,550 nits,2023,396 PPI,85.1%,Corning Gorilla Glass 3,66,35,70,36,2 Kameralı,50 MP,2 MP,x,x,x,30 fps,5 MP,Full HD,30 fps,Android,Cortex A78,2.2 GHz,8,Adreno 613,Snapdragon 4 Gen 2,199 gr,168.6x76.28x8.17 mm," 8.499,00 TL ",8499,8.0,128,199.0,https://cdn.akakce.com/x/xiaomi/xiaomi-redmi-note-12r.jpg,Xiaomi
71,Xiaomi Redmi Note 12 128 GB 8 GB,Xiaomi Redmi,8 GB,128 GB,5000 mAh,6.67 inç,1080x2400 px,120 Hz,AMOLED,1200 nits,2023,395 PPI,84.65%,-,76,27,73,44,3 Kameralı,50 MP,8 MP,2 MP,x,Full HD,30 fps,13 MP,Full HD,30 fps,Android,Cortex A78,2.0 GHz,8,Adreno 610,Snapdragon 685,183.5 gr,165.66x75.96x7.85 mm," 7.499,00 TL ",7499,8.0,128,183.0,https://iis-akakce.akamaized.net/p.x?%2F%2Fcdn%2Epazarama%2Ecom%2Fasset%2F6941812723494%2Fimages%2Fxiaomiredminote12128gbrom8gbrammavixiaomitrkiyegarantili%2D1%2Ejpg,Xiaomi
72,Xiaomi Redmi A2 Plus 64 GB 4 GB,Xiaomi Redmi,4 GB,64 GB,5000 mAh,6.52 inç,720x1600 px,60 Hz,IPS LCD,x,2023,269 PPI,x,x,45,18,59,31,2 Kameralı,8 MP,x,x,x,Full HD,30 fps,5 MP,x,30 fps,Android,Cortex A53,2.2 GHz,8,x,x,192 gr,x," 5.148,00 TL ",5148,4.0,64,192.0,https://cdn.akakce.com/x/xiaomi/xiaomi-redmi-a2-plus.jpg,Xiaomi
73,Realme GT 7 Pro 512 GB,-,12 GB,512 GB,6500 mAh,6.78 inç,1264x2780 px,120 Hz,OLED,6000 nits,2024,450 PPI,89.4%,Corning Gorilla Glass Victus 2,92,99,100,80,3 Kameralı,50 MP,50 MP,8 MP,x,8K Ultra HD,24 fps,16 MP,Full HD,30 fps,Android,Oryon V2 Phoenix L,4.32 GHz,8,Adreno,Snapdragon 8 Elite,222 gr,162.5x76.9x8.6 mm," 55.000,00 TL ",55000,12.0,512,222.0,https://cdn.akakce.com/x/realme/realme-gt-7-pro.jpg,Realme
74,Realme GT 6 512 GB 16 GB,-,16 GB,512 GB,5500 mAh,6.78 inç,1264x2780 px,120 Hz,AMOLED,6000 nits,2024,450 PPI,91.64%,Corning Gorilla Glass Victus 2,91,74,87,75,3 Kameralı,50 MP,8 MP,50 MP,x,4K Ultra HD,60 fps,32 MP,4K Ultra HD,30 fps,Android,Cortex X4,3.0 GHz,8,Adreno 735,Snapdragon 8s Gen 3,199 gr,162x75.1x8.6 mm," 36.826,81 TL ",36826,16.0,512,199.0,https://cdn.akakce.com/x/realme/realme-gt-6-512-gb-yesil.jpg,Realme
75,Realme GT 6T 256 GB,-,12 GB,256 GB,5500 mAh,6.78 inç,1264x2780 px,120 Hz,AMOLED,6000 nits,2024,450 PPI,91.85%,Corning Gorilla Glass Victus 2,89,71,89,56,2 Kameralı,50 MP,8 MP,-,x,4K Ultra HD,30 fps,32 MP,4K Ultra HD,30 fps,Android,Cortex X4,2.8 GHz,8,Adreno 732,Snapdragon 7+ Gen 3,191 gr,162x75.1x8.7 mm," 27.599,00 TL ",27599,12.0,256,191.0,https://cdn.akakce.com/x/realme/realme-gt-6t.jpg,Realme
76,Realme 12 Pro Plus 512 GB 12 GB,-,12 GB,512 GB,5000 mAh,6.7 inç,1080x2412 px,120 Hz,AMOLED,950 nits,2024,394 PPI,90.16%,Corning Gorilla Glass Victus ,81,46,85,68,3 Kameralı,50 MP,64 MP,8 MP,x,4K Ultra HD,30 fps,32 MP,Full HD,30 fps,Android,Cortex A78,2.4 GHz,8,Adreno 710,-,196 gr,161.4x74.2x8.9 mm," 26.999,00 TL ",26999,12.0,512,196.0,https://cdn.akakce.com/x/realme/realme-12-pro-plus.jpg,Realme
77,Realme 12 Pro Plus 256 GB 8 GB,-,8 GB,256 GB,5000 mAh,6.67 inç,1080x2412 px,120 Hz,AMOLED,950 nits,2024,394 PPI,90.16%,Corning Gorilla Glass Victus ,81,46,85,68,3 Kameralı,50 MP,64 MP,8 MP,x,4K Ultra HD,30 fps,32 MP,Full HD,30 fps,Android,Cortex A78,2.4 GHz,8,Adreno 710,-,196 gr,161.4x74.2x8.9 mm," 18.899,00 TL ",18899,8.0,256,196.0,https://cdn.akakce.com/x/realme/realme-12-pro-plus-256-gb-8-gb.jpg,Realme
78,Realme 12 Plus 256 GB,-,8 GB,256 GB,5000 mAh,6.67 inç,-,120 Hz,AMOLED,600 nits,2024,-,-,Tempered Glass,86,43,74,66,-,50 MP,8 MP,2 MP,x,4K Ultra HD,30 fps,16 MP,-,-,Android,-,2.6 GHz,8,-,MediaTek Dimensity 7050,190 gr,162.9x76x7.9 mm," 14.799,00 TL ",14799,8.0,256,190.0,https://cdn.akakce.com/x/realme/realme-12-pro-plus-256-gb-8-gb.jpg,Realme
79,Realme 12 512 GB,-,8 GB,512 GB,5000 mAh,6.67 inç,1080x2400 px,120 Hz,AMOLED,2000 nits,2024,395 PPI,92.6%,Tempered Glass,78,32,76,36,2 Kameralı,50 MP,2 MP,-,x,Full HD,30 fps,16 MP,-,30 fps,Android,Cortex A73,2.8 GHz,8,-,Snapdragon 685,187 gr,162.9x76x7.9 mm," 13.579,03 TL ",13579,8.0,512,187.0,https://cdn.akakce.com/x/realme/realme-12-512-gb.jpg,Realme
80,Realme 11 Pro Plus 512 GB,-,12 GB,512 GB,5000 mAh,6.7 inç,1080x2412 px,120 Hz,AMOLED,950 nits,2023,394 PPI,90.24%,Tempered Glass,80,43,76,51,3 Kameralı,200 MP,8 MP,2 MP,x,4K Ultra HD,30 fps,32 MP,Full HD,30 fps,Android,Cortex A78,2.6 GHz,8,Mali-G68 MC4,MediaTek Dimensity 7050,-,-," 20.363,61 TL ",20363,12.0,512,203.0,https://iis-akakce.akamaized.net/p.x?%2F%2Fcdn%2Evatanbilgisayar%2Ecom%2FUpload%2FPRODUCT%2Frealme%2Fthumb%2F141339%2D1%5Fsmall%2Ejpg,Realme
81,Realme 11 Pro 256 GB,-,8 GB,256 GB,5000 mAh,6.7 inç,1080x2412 px,120 Hz,OLED,950 nits,2023,394 PPI,90.24%,Tempered Glass,79,41,76,44,2 Kameralı,100 MP,2 MP,-,x,4K Ultra HD,30 fps,16 MP,Full HD,30 fps,Android,Cortex A78,2.6 GHz,8,Mali-G68 MC4,MediaTek Dimensity 7050,191 gr,161.6x73.9x7.9 mm," 15.543,00 TL ",15543,8.0,256,191.0,https://cdn.akakce.com/x/realme/realme-11-pro.jpg,Realme
82,Realme 11 128 GB,-,8 GB,128 GB,5000 mAh,6.4 inç,-,90 Hz,Super AMOLED,-,2023,-,90.8%,Corning Gorilla Glass 5,69,34,71,36,2 Kameralı,108 MP,2 MP,-,x,Full HD,30 fps,16 MP,Full HD,30 fps,Android,Cortex A76,2.2 GHz,8,Mali-G57 MC2,MediaTek Helio G99,-,159.9x73.3x7.95 mm," 9.908,00 TL ",9908,8.0,128,203.0,https://cdn.akakce.com/x/realme/realme-11-128-gb.jpg,Realme
83,Realme C75 512 GB,x,8 GB,512 GB,6000 mAh,6.72 inç,1080x2400 px,90 Hz,IPS LCD,580 nits,2024,392 PPI,-,"ArmorShell",71,22,79,54,-,50 MP,-,x,x,Full HD,-,8 MP,Full HD,30 fps,Android,Cortex A75,2.0 GHz,8,Mali-G52 MC2,MediaTek Helio G92 Max,196 gr,165.7x76.2x8 mm," 15.199,00 TL ",15199,8.0,512,196.0,https://cdn.akakce.com/x/realme/realme-c75-512-gb.jpg,Realme
84,Realme C75 256 GB,-,8 GB,256 GB,6000 mAh,6.72 inç,1080x2400 px,90 Hz,IPS LCD,580 nits,2024,392 PPI,-,"ArmorShell",71,22,79,54,-,50 MP,-,-,x,Full HD,-,8 MP,Full HD,30 fps,Android,Cortex A75,2.0 GHz,8,Mali-G52 MC2,MediaTek Helio G92 Max,196 gr,165.7x76.2x8 mm," 10.752,00 TL ",10752,8.0,256,196.0,https://cdn.akakce.com/x/realme/realme-c75-256-gb.jpg,Realme
85,Realme C65 128 GB 8 GB,x,8 GB,128 GB,5000 mAh,6.67 inç,-,90 Hz,IPS LCD,625 nits,2024,-,-,Tempered Glass,59,23,71,43,2 Kameralı,50 MP,2 MP,x,x,Full HD,30 fps,8 MP,Full HD,30 fps,Android,Cortex A75,2.0 GHz,8,-,MediaTek Helio G85,185 gr,164.5x76.7x7.8 mm," 7.199,27 TL ",7199,8.0,128,185.0,https://cdn.akakce.com/x/realme/realme-c65-128-gb-8-gb.jpg,Realme
86,Realme C53 256 GB 8 GB,x,8 GB,256 GB,5000 mAh,6.74 inç,720x1600 px,90 Hz,IPS LCD,560 nits,2023,-,90.3%,Tempered Glass,65,23,64,37,2 Kameralı,50 MP,0.8 MP,x,x,Full HD,30 fps,8 MP,HD,30 fps,Android,Cortex A75,1.8 GHz,8,-,Unisoc T612,182 gr,-," 6.809,99 TL ",6809,8.0,256,182.0,https://iis-akakce.akamaized.net/p.x?%2F%2Freimg%2Dteknosa%2Dcloud%2Dprod%2Emncdn%2Ecom%2Fmnresize%2F300%2F300%2Fproductimage%2F125079587%2F125079587%5F0%5FMC%2F90520038%2Ejpg%3Fimg%3D125079587,Realme
87,Realme C55 256 GB,x,8 GB,256 GB,5000 mAh,6.72 inç,1080x2400 px,90 Hz,IPS LCD,680 nits,2023,392 PPI,91.4%,Tempered Glass,56,20,66,38,2 Kameralı,64 MP,2 MP,x,x,Full HD,60 fps,8 MP,Full HD,30 fps,Android,Cortex A75,2.0 GHz,8,Mali-G52 MC2,MediaTek Helio G88,189.5 gr,165.6x75.9x7.89 mm," 9.378,60 TL ",9378,8.0,256,189.0,https://cdn.akakce.com/x/realme/realme-c55-256-gb.jpg,Realme
88,Realme C51 128 GB,x,4 GB,128 GB,5000 mAh,6.74 inç,720x1600 px,90 Hz,IPS LCD,560 nits,2023,260 PPI,84.83%,Tempered Glass,64,23,69,46,2 Kameralı,50 MP,2 MP,x,x,Full HD,30 fps,5 MP,HD,30 fps,Android,Cortex A75,1.8 GHz,8,x,Unisoc T612,186 gr,167.2x76.7x7.99 mm," 7.000,00 TL ",7000,4.0,128,186.0,https://cdn.akakce.com/x/realme/realme-c51.jpg,Realme
89,Realme Note 60 128 GB 4 GB,-,4 GB,128 GB,5000 mAh,6.74 inç,1600x720 px,90 Hz,IPS LCD,-,2024,-,-,Tempered Glass,61,23,59,41,2 Kameralı,13 MP,-,x,x,Full HD,30 fps,5 MP,HD,30 fps,Android,Cortex A75,1.8 GHz,8,-,-,187 gr,-," 6.080,86 TL ",6080,4.0,128,187.0,https://cdn.akakce.com/x/realme/realme-note-60.jpg,Realme
90,Realme Note 50 128 GB,-,4 GB,128 GB,5000 mAh,6.74 inç,720x1600 px,90 Hz,IPS LCD,560 nits,2024,-,90.3%,Tempered Glass,58,20,58,32,2 Kameralı,13 MP,-,-,x,Full HD,30 fps,5 MP,HD,30 fps,Android,Cortex A75,1.8 GHz,8,-,Unisoc T612,186 gr,167.2x76.7x7.99 mm," 6.721,82 TL ",6721,4.0,128,186.0,https://cdn.akakce.com/x/realme/realme-note-50.jpg,Realme
91,Tecno Camon 30 Pro 512 GB Gri,x,12 GB,512 GB,5000 mAh,6.78 inç,1080x2436 px,144 Hz,AMOLED,-,2024,393 PPI,-,	Corning Gorilla Glass,84,56,85,56,3 Kameralı,50 MP,50 MP,2 MP,-,4K Ultra HD,-,50 MP,4K Ultra HD,30 fps,Android,Cortex A78,3.1 GHz,8,Mali-G610 MC6,MediaTek Dimensity 8200,188.5 gr,164.2x74.4x7.46 mm," 21.300,05 TL ",21300,12.0,512,188.0,https://cdn.akakce.com/x/tecno/tecno-camon-30-pro-512-gb-beyaz.jpg,Tecno
92,Tecno Camon 30S Pro 256 GB,-,8 GB,256 GB,5000 mAh,6.78 inç,1080x2436 px,120 Hz,AMOLED,1300 nits,2024,393 PPI,89.52%,Tempered Glass,87,33,66,53,3 Kameralı,50 MP,2 MP,-,x,-,-,50 MP,-,-,Android,Cortex A76,2.2 GHz,8,Mali-G57 MC2,MediaTek Helio G100-Ultra,-,-," 14.961,55 TL ",14961,8.0,256,203.0,https://cdn.akakce.com/x/tecno/tecno-camon-30s-pro.jpg,Tecno
93,Tecno Camon 30 256 GB 12 GB,-,12 GB,256 GB,5000 mAh,6.78 inç,1080x2436 px,120 Hz,AMOLED,-,2024,-,87.94%,Tempered Glass,84,32,72,47,3 Kameralı,50 MP,2 MP,-,x,2K Ultra HD,30 fps,50 MP,-,30 fps,Android,Cortex A76,2.2 GHz,8,Mali-G52 MC2,MediaTek Helio G99,-,165.27x75.33x7.7 mm," 12.899,00 TL ",12899,12.0,256,203.0,https://cdn.akakce.com/x/tecno/tecno-camon-30.jpg,Tecno
94,Tecno Camon 30 5G 512 GB,-,12 GB,512 GB,-,6.78 inç,-,120 Hz,AMOLED,-,-,-,-,Tempered Glass,84,32,72,47,-,-,-,-,x,-,-,-,-,-,Android,-,-,-,-,-,-,-," 18.216,00 TL ",18216,12.0,512,203.0,https://cdn.akakce.com/x/tecno/tecno-camon-30-5g.jpg,Tecno
95,Tecno Camon 20 Premier 512 GB,-,8 GB,512 GB,5000 mAh,6.67 inç,1080x2400 px,120 Hz,AMOLED,-,2023,395 PPI,88.96%,Tempered Glass,75,48,66,52,3 Kameralı,50 MP,108 MP,2 MP,x,4K Ultra HD,30 fps,32 MP,2K Ultra HD,30 fps,Android,Cortex A78,3.0 GHz,8,Mali-G77 MC9,MediaTek Dimensity 8050,203 gr,-," 15.299,00 TL ",15299,8.0,512,203.0,https://cdn.akakce.com/x/tecno/tecno-camon-20-premier.jpg,Tecno
96,Tecno Pova 6 Pro 256 GB,-,12 GB,256 GB,6000 mAh,6.78 inç,1080x2436 px,120 Hz,AMOLED,1300 nits,2024,393 PPI,86.9%,Tempered Glass,84,36,95,48,3 Kameralı,108 MP,2 MP,-,x,2K Ultra HD,30 fps,32 MP,2K Ultra HD,30 fps,Android,Cortex A76,2.4 GHz,8,Mali-G57 MC2,MediaTek Dimensity 6080,195 gr,165.66x75.96x7.85 mm," 20.496,92 TL ",20496,12.0,256,195.0,https://cdn.akakce.com/x/tecno/tecno-pova-6-pro.jpg,Tecno
97,Tecno Pova 6 Pro 256 GB,-,12 GB,256 GB,6000 mAh,6.78 inç,1080x2436 px,120 Hz,AMOLED,1300 nits,2024,393 PPI,86.9%,Tempered Glass,82,35,86,44,3 Kameralı,108 MP,2 MP,-,x,2K Ultra HD,30 fps,32 MP,2K Ultra HD,30 fps,Android,Cortex A76,2.4 GHz,8,Mali-G57 MC2,MediaTek Dimensity 6080,195 gr,165.66x75.96x7.85 mm," 20.496,92 TL ",20496,12.0,256,195.0,https://cdn.akakce.com/x/tecno/tecno-pova-6-pro.jpg,Tecno
98,Tecno Pova 5 Pro 256 GB,-,8 GB,256 GB,5000 mAh,6.78 inç,1080x2640 px,120 Hz,IPS LCD,-,2023,396 PPI,84.38%,Tempered Glass,71,34,68,53,2 Kameralı,50 MP,16 MP,-,-,2K Ultra HD,30 fps,16 MP,2K Ultra HD,-,Android,Cortex A76,2.4 GHz,8,Mali-G57 MC2,MediaTek Dimensity 6080,220 gr,-," 12.455,66 TL ",12455,8.0,256,220.0,https://cdn.akakce.com/x/tecno/tecno-pova-5-pro.jpg,Tecno
99,Tecno Pova 5 256 GB,x,8 GB,256 GB,6000 mAh,6.78 inç,1080x2460 px,120 Hz,IPS LCD,580 nits,2023,396 PPI,84.2%,Tempered Glass,75,32,77,39,2 Kameralı,50 MP,-,x,x,2K Ultra HD,30 fps,8 MP,2K Ultra HD,30 fps,Android,Cortex A76,2.2 GHz,8,Mali-G57 MC2,MediaTek Helio G99,-,168.61x76.61x9 mm," 8.274,42 TL ",8274,8.0,256,203.0,https://cdn.akakce.com/x/tecno/tecno-pova-5-4g.jpg,Tecno
100,Tecno Spark 30 Pro 256 GB Siyah,x,8 GB,256 GB,5000 mAh,6.78 inç,1080x2436 px,120 Hz,AMOLED,x,2024,393 PPI,85.7%,Tempered Glass,83,33,79,66,2 Kameralı,108 MP,x,x,x,2K Ultra HD,30 fps,13 MP,Full HD,30 fps,Android,Cortex A76,2.2 GHz,8,Mali-G57 MC2,x,x,x," 11.099,00 TL ",11099,8.0,256,203.0,https://cdn.akakce.com/x/tecno/tecno-spark-30-pro-256-gb-siyah.jpg,Tecno
101,Tecno Spark 30C 256 GB 8 GB,x,8 GB,256 GB,5000 mAh,6.67 inç,720x1600 px,120 Hz,IPS LCD,-,2024,263 PPI,-,Tempered Glass,71,22,66,61,1 Kameralı,50 MP,x,x,x,-,-,8 MP,-,-,Android,Cortex A75,2.0 GHz,8,Mali-G52 MC2,-,-,-," 7.199,04 TL ",7199,8.0,256,203.0,https://cdn.akakce.com/x/tecno/tecno-spark-30c-256-gb-8-gb-beyaz.jpg,Tecno
102,Tecno Spark 20 Pro Plus 256 GB,-,8 GB,256 GB,5000 mAh,6.78 inç,1080x2436 px,120 Hz,AMOLED,1000 nits,2023,393 PPI,-,	Corning Gorilla Glass 5,78,33,80,59,3 Kameralı,108 MP,-,-,x,2K Ultra HD,30 fps,32 MP,2K Ultra HD,30 fps,Android,Cortex A76,2.2 GHz,8,Mali-G57 MC2,MediaTek Helio G99,-,164.6x75.4x7.59 mm," 12.685,44 TL ",12685,8.0,256,203.0,https://cdn.akakce.com/x/tecno/tecno-spark-20-pro-plus.jpg,Tecno
103,Tecno Spark 20 Pro 256 GB 8 GB,-,8 GB,256 GB,5000 mAh,6.78 inç,1080x2460 px,120 Hz,IPS LCD,-,2023,396 PPI,84.2%,Tempered Glass,77,32,72,42,3 Kameralı,108 MP,-,-,x,2K Ultra HD,30 fps,32 MP,2K Ultra HD,30 fps,Android,Cortex A76,2.2 GHz,8,Mali-G57 MC2,MediaTek Helio G99,206 gr,168.61x76.61x8.40 mm," 8.490,00 TL ",8490,8.0,256,206.0,https://cdn.akakce.com/x/tecno/tecno-spark-20-pro.jpg,Tecno
104,Tecno Spark 20 128 GB,-,8 GB,128 GB,5000 mAh,6.6 inç,720x1612 px,90 Hz,IPS LCD,-,2023,267 PPI,84.24%,Tempered Glass,54,23,71,44,2 Kameralı,50 MP,-,-,x,2K Ultra HD,30 fps,32 MP,-,-,Android,Cortex A75,2.0 GHz,8,Mali-G52 MC2,MediaTek Helio G85,-,163.6x75.6x9.1 mm," 7.099,00 TL ",7099,8.0,128,203.0,https://cdn.akakce.com/x/tecno/tecno-spark-20-128-gb.jpg,Tecno
105,Tecno Spark 20C 128 GB 8 GB,-,8 GB,128 GB,5000 mAh,6.6 inç,720x1612 px,90 Hz,IPS LCD,-,2023,267 PPI,83.84%,Tempered Glass,58,15,66,55,2 Kameralı,50 MP,-,-,x,Full HD,30 fps,8 MP,Full HD,30 fps,Android,Cortex A53,2.2 GHz,8,PowerVR GE8320,-,-,163.69x75.6x8.75 mm," 6.174,99 TL ",6174,8.0,128,203.0,https://cdn.akakce.com/x/tecno/tecno-spark-20c-128-gb-8-gb-yesil.jpg,Tecno
106,Tecno Spark 10 Pro 128 GB,x,8 GB,128 GB,5000 mAh,6.8 inç,1080x2460 px,-,IPS LCD,-,2023,395 PPI,85.9%,Tempered Glass,63,22,66,41,-,50 MP,-,x,x,2K Ultra HD,30 fps,32 MP,2K Ultra HD,-,Android,Cortex A75,2.0 GHz,8,Mali-G52 MC2,MediaTek Helio G88,208 gr,-," 7.999,00 TL ",7999,8.0,128,208.0,https://cdn.akakce.com/x/tecno/tecno-spark-10-pro-128-gb.jpg,Tecno
107,Tecno Spark 10 128 GB 8 GB,x,8 GB,128 GB,5000 mAh,6.6 inç,720x1612 px,90 Hz,IPS LCD,x,2023,267 PPI,-,Tempered Glass,54,16,68,60,2 Kameralı,50 MP,x,x,x,-,-,8 MP,-,-,Android,Cortex A53,2.3 GHz,8,PowerVR GE8320,MediaTek Helio G37,-,-," 6.336,00 TL ",6336,8.0,128,203.0,https://cdn.akakce.com/x/tecno/tecno-spark-10-128-gb-8-gb.jpg,Tecno
108,Tecno Spark Go 1 128 GB,x,4 GB,128 GB,5000 mAh,6.67 inç,720x1600 px,120 Hz,IPS LCD,x,2024,263 PPI,84.2%,Tempered Glass,70,20,66,30,1 Kameralı,13 MP,-,x,x,Full HD,30 fps,8 MP,x,30 fps,Android,Cortex A75,1.8 GHz,8,Mali-G57 MP1,-,x,-," 6.029,00 TL ",6029,4.0,128,203.0,https://cdn.akakce.com/x/tecno/tecno-spark-go-1-128-gb.jpg,Tecno
109,Tecno Spark Go 2024 128 GB,-,4 GB,128 GB,5000 mAh,6.6 inç,720x1612 px,90 Hz,IPS LCD,-,2024,267 PPI,84.24%,Tempered Glass,58,19,64,27,2 Kameralı,13 MP,-,-,x,Full HD,30 fps,8 MP,-,-,Android,Cortex A75,1.6 GHz,8,Mali-G57 MP1,Unisoc T606,-,163x75.4x8.8 mm," 6.149,00 TL ",6149,4.0,128,203.0,https://cdn.akakce.com/x/tecno/tecno-spark-go-2024.jpg,Tecno
